l,miu,F,t_nextzerotheta,t_Fput
4.9179253578186035,0.4993065595626831,40.134483337402344,15.8825,4.418003003002973
